medu,fedu,avg(g3)
4,2,12.894736842105264
4,1,8.0
1,4,13.0
1,1,8.297297297297296
0,1,9.0
2,3,10.529411764705882
4,4,11.657142857142857
3,3,10.236842105263158
2,2,9.333333333333334
1,2,9.333333333333334
2,4,12.714285714285714
3,1,11.266666666666667
1,3,7.2
3,2,10.321428571428571
3,4,9.61111111111111
2,1,9.214285714285714
4,3,11.55
1,0,16.0
0,2,15.0
4,0,10.0
